ID,Name,Tags,Sequels,Collisions,Size,URL
16,21 pilots too many pilots,beyond the poppyverse,,,,https://inpoppyfields.tumblr.com/tagged/21%20pilots%20too%20many%20pilots/chrono
66,a liturgy of the post-human age,beyond the poppyverse,,,,
48,anomalies in pink,when poppies perish lilies live,,,,https://inpoppyfields.tumblr.com/archive/tagged/anomalies%20in%20pink
36,ant sized angels,into the poppyverse,,47,,https://inpoppyfields.tumblr.com/tagged/ant%20sized%20angels/chrono
50,apple-y ever after,take your kid to work day,,,,
30,automated absurdity,into the poppyverse,,,5,https://inpoppyfields.tumblr.com/archive/tagged/automated%20absurdity
54,black opt-in or opt-out?,take your kid to work day,,,,
41,celestial bodies,beyond the poppyverse,,,,
37,commander DONOR / lilium candidium,when poppies perish lilies live,,,,https://inpoppyfields.tumblr.com/archive/tagged/lilium%20candidum
4,commander PILOT,deeper into the poppyverse,,,,https://inpoppyfields.tumblr.com/archive/tagged/commander%20pilot
51,commander UNIT,deeper into the poppyverse,,,,https://inpoppyfields.tumblr.com/archive/tagged/commander unit
32,"contracted envy ",deepest into the poppyverse,,,,
58,counting stars,deepest into the poppyverse,,,,
12,disavowed,take your kid to work day,,,,
39,dreams of death,deepest into the poppyverse,,,,
7,flecks of gold,gold stars,,,,
18,flecks of gold rekindled,gold stars,7,,,
63,flirting after death,deepest into the poppyverse,,,,
23,flirting with death,deepest into the poppyverse,,32,,
21,gentle giant,into the poppyverse,,,,https://inpoppyfields.tumblr.com/archive/tagged/gentle%20giant
3,ghost stories,deeper into the poppyverse,,,,https://inpoppyfields.tumblr.com/archive/tagged/ghost%20stories
10,happy fourth of july,too close to home,,,,
26,happy memorial day,too close to home,,,,
17,holomatter matters,into the poppyverse,,,,https://inpoppyfields.tumblr.com/archive/tagged/holomatter%20matters
44,hot and cold / one is silver one is gold,beyond the poppyverse,,,,
53,"houston, houston, i am the problem",take your kid to work day,,,,https://inpoppyfields.tumblr.com/tagged/houston houston i'm the problem/chrono
62,in another world aka ours,too close to home,,,,https://inpoppyfields.tumblr.com/tagged/in another world/chrono
14,in plaque vs in person,too close to home,,,,
13,in serif vs in source sans,too close to home,,,,
61,internal comms,into the poppyverse,,,,https://inpoppyfields.tumblr.com/archive/tagged/internal%20comms
15,kintsugi in gold,gold stars,,"7, 37",,
59,lily pond ripples,when poppies perish lilies live,,,,https://inpoppyfields.tumblr.com/archive/tagged/lily%20ponderings
8,lost in translation,take your kid to work day,,,,
5,machine learnings,into the poppyverse,,,,https://inpoppyfields.tumblr.com/archive/tagged/machine%20learnings
35,make the stars scream,beyond the poppyverse,,,,
33,"mechanical mortality ",deeper into the poppyverse,,,,https://inpoppyfields.tumblr.com/archive/tagged/mechanical%20mortality
60,mechanized messaging,into the poppyverse,,,,https://inpoppyfields.tumblr.com/archive/tagged/mechanized%20messaging
29,mergence,deeper into the poppyverse,,,,https://inpoppyfields.tumblr.com/archive/tagged/mergence
25,morning mourning,too close to home,,,,
52,null error,gold stars,,,,
64,pilot postings,into the poppyverse,,,,https://inpoppyfields.tumblr.com/archive/tagged/pilot%20postings
9,"post piloting ",too close to home,"21, 17, 61",,,https://inpoppyfields.tumblr.com/archive/tagged/post%20piloting
20,"pre piloting ",gold stars,,,,
56,rest and rust,deeper into the poppyverse,,,,https://inpoppyfields.tumblr.com/archive/tagged/rest%20and%20rust
47,sand & siblings,into the poppyverse,,,,
1,sand & siblings & supervision,take your kid to work day,47,,,
38,santos does not believe in ghosts,gold stars,7,,,
40,sheep milk latte,too close to home,,,,https://inpoppyfields.tumblr.com/tagged/sheep%20milk%20latte/chrono
22,sisterhood in skin and steel,deeper into the poppyverse,17,,,https://inpoppyfields.tumblr.com/tagged/sisterhood%20in%20steel%20and%20skin/chrono
45,six feet long and under,deepest into the poppyverse,,,,
11,skin and steel,into the poppyverse,,,,https://inpoppyfields.tumblr.com/archive/tagged/skin and steel
65,spark in the dark,when poppies perish lilies live,,,,
46,stained sands,deepest into the poppyverse,,,,
28,stars on a canvas,deepest into the poppyverse,,,,
27,stars on a wall,deepest into the poppyverse,,,,
6,steady,take your kid to work day,,,,
43,strolling through saratoga / strolling through san bruno,too close to home,,,,
49,the beginning,into the poppyverse,,,,https://inpoppyfields.tumblr.com/archive/tagged/beginnings
31,the house breathes,too close to home,,,,
2,uncanny valley,when poppies perish lilies live,,,,https://inpoppyfields.tumblr.com/archive/tagged/uncanny%20valley
24,unit by unit,deeper into the poppyverse,,,,https://inpoppyfields.tumblr.com/archive/tagged/character%20spotlight
34,we regret to inform you,deepest into the poppyverse,,,,
42,welcome to area fifty-DONE,into the poppyverse,,,,
55,would you have been proud of you?,too close to home,,,,
57,you got a gold star,deepest into the poppyverse,,,,
19,you’ve got soul,beyond the poppyverse,,,,