ID,Name,Sub-parts,Description,Cluster,Sub-cluster,Characters,Content URL,Size,(X) Relativity,(Y) Relatability,(Z) Depth,Collisions
1,Do Units Dream Sweetly?,,"The units dream of laundry, drive-thrus, wrong rooms, and other suspiciously human system errors.",area fifty-done,,various units,https://inpoppyfields.tumblr.com/post/808419699533709312/do-units-dream-sweetly,1,9,4,5,
2,The Poppyverse Becomes a Manga and Doesn’t Even Make It to The Boss Fight,,"War gets manga-filtered into kanji, speed lines, and marketable grief.",beyond the poppyverse,,various fleet personnel,https://inpoppyfields.tumblr.com/post/808237761524039680/the-poppyverse-becomes-a-manga-and-doesnt-even,1,10,6,3,
3,The Poppyverse Becomes a Manga and Doesn’t Even Make It to Breakfast,,"The Poppyverse gets anime animated before breakfast, which is somehow both funnier and more damning than combat.",beyond the poppyverse,,The BY THE BAY cast,https://inpoppyfields.tumblr.com/post/808234644267024384/the-poppyverse-becomes-a-manga-and-doesnt-even,1,10,6,3,
4,Signature,,An office-signature problem.,deeper into the poppyverse,sisterhood in steel,"UNIT, AUTOPILOT",https://inpoppyfields.tumblr.com/post/807876913944199168/signature,1,3,1,8,
5,The Drill That Holds,,It does it well.,welcome to the poppyverse,char spotlight,"DRILLER, GAMMA",https://inpoppyfields.tumblr.com/post/807876479662899200/the-drill-that-holds,1,1,2,5,
6,The Driller,,It knows its job.,welcome to the poppyverse,char spotlight,DRILLER,https://inpoppyfields.tumblr.com/post/807875483216789504/the-driller,1,1,2,5,
7,“Are those kids allowed here?”,,"Seriously, are they?",area fifty-done,,various units,https://inpoppyfields.tumblr.com/post/803716188882468864/are-those-kids-allowed-here,1,2,2,1,
8,Work Voice vs. BBQ Voice,,Professionalism. It matters.,area fifty-done,,various units,https://inpoppyfields.tumblr.com/post/803715211624415232/work-voice-vs-bbq-voice,1,2,2,1,
9,"[Welcome to Area Fifty-DONE] OK Nevermind, Even We Can’t Explain These Incidents",,"Yeah, we’ve given up.",area fifty-done,,"various base personnel, various units",https://inpoppyfields.tumblr.com/post/796917123403415552/ok-nevermind-even-we-cant-explain-these,1,8,2,2,
10,"[Welcome to Area Fifty-DONE] Weird Shit Happens Too Often, So Here’s a Tier System",,"A ranking system, because anomalies happen often enough that someone finally made them administratively sortable.",area fifty-done,,"various base personnel, various units, DONOR probably fooling around",https://inpoppyfields.tumblr.com/post/796916869435146240/weird-shit-happens-too-often-so-heres-a-tier,1,8,2,2,
11,Top 10 Unexplained: The Space Center,,If you thought the visitor center was weird enough…,the orange poppyverse,"houston, houston","DONOR the anomalous extreterrestrial interdimensional entity, Director PILOT, UNIT is a cat",https://inpoppyfields.tumblr.com/post/796916495101853696/top-10-unexplained-the-space-center,1,9,5,2,
12,Top 10 Unexplained: The Visitors Center,,"The visitor center gets its own list of anomalies, because even the public-facing parts of the national space program cannot keep reality normal.",the orange poppyverse,"houston, houston","DONOR the anomalous extreterrestrial interdimensional entity, Director PILOT, UNIT is a cat",https://inpoppyfields.tumblr.com/post/796916444984213504/top-10-unexplained-the-visitors-center,1,9,5,2,
13,That’s Not in the Textbooks,,What happened to the appendix?,the orange poppyverse,"houston, houston","DONOR the anomalous extreterrestrial interdimensional entity, Director PILOT, UNIT is a cat",https://inpoppyfields.tumblr.com/post/796916347426750464/thats-not-in-the-textbooks,1,9,5,3,
14,More Than Meets the Cat,,"Orbital Debris the cat is either a cat, an omen, or a classified morale hazard.",the orange poppyverse,"houston, houston","DONOR the anomalous extreterrestrial interdimensional entity, Director PILOT, UNIT is a cat",https://inpoppyfields.tumblr.com/post/796916255767527425/more-than-meets-the-cat,1,9,5,3,
15,Spaceships & Suburbia,,PILOT is the director of NASA. UNIT is a cat. DONOR may or may not be an extraterrestrial ghost simply messing around.,the orange poppyverse,"houston, houston","DONOR the anomalous extreterrestrial interdimensional entity, Director PILOT, UNIT is a cat",https://inpoppyfields.tumblr.com/post/796916064040681472/spaceships-suburbia,1,6,5,3,
16,"[Houston, Houston, I’m the Problem] INTRO",,,the orange poppyverse,"houston, houston","DONOR, PILOT, UNIT",https://inpoppyfields.tumblr.com/post/809303402146349057/houston-houston-im-the-problem-intro,1,0,0,0,
17,Mourning in Metal,v1 / v2 / v3,Grief refuses to stay organic.,deeper into the poppyverse,sisterhood in steel,"UNIT, AUTOPILOT",https://inpoppyfields.tumblr.com/tagged/mourning%20in%20metal/chrono,3,1,1,8,
18,Subconscious Selections: Shorts,,More growing pains,deeper into the poppyverse,sisterhood in steel,"UNIT, AUTOPILOT",https://inpoppyfields.tumblr.com/post/796915602683985920/subconscious-selections-shorts,1,1,1,6,
19,Subconscious Selections: Standard Issue,,They grow up so fast.,deeper into the poppyverse,sisterhood in steel,"PILOT, UNIT, AUTOPILOT",https://inpoppyfields.tumblr.com/post/796914974595350528/standard-issue-subconscious-selections,1,1,1,6,
20,She Feels,,A thread for the terrifying proposition that the machine is not just responding; she is feeling.,deeper into the poppyverse,sisterhood in steel,AUTOPILOT,https://inpoppyfields.tumblr.com/tagged/she%20feels/chrono,1,1,1,6,
21,One and the Same,,A tech encounters UNIT’s wounded avatar beside its broken mech body and realizes the gentle girl and terrifying machine are not separate beings.,deeper into the poppyverse,sisterhood in steel,"UNIT, RIAZ",https://inpoppyfields.tumblr.com/post/796911798900097024/sisterhood-in-steel-skin-one-and-the-same,1,1,1,6,
22,[Sisterhood in Steel & Skin]: The Frosty Sister,,"One sister carries coldness like armor, weapon, weather, and warning label.",deeper into the poppyverse,sisterhood in steel,"UNIT, AUTOPILOT",https://inpoppyfields.tumblr.com/post/796911718154551297/sisterhood-in-steel-skin-the-frosty-sister,1,2,1,5,
23,[Sisterhood in Steel & Skin]: The Fiery Sister,,One sister burns hot enough to make affection look like a containment risk.,deeper into the poppyverse,sisterhood in steel,"UNIT, AUTOPILOT",https://inpoppyfields.tumblr.com/post/796911613610442752/sisterhood-in-steel-skin-the-fiery-sister,1,2,1,5,
24,[Celestial Bodies],v1 / v2 / v3,"PILOT is a neutron star. DONOR is a black hole. You're doing stellar, ladies.",beyond the poppyverse,,"DONOR, PILOT",https://inpoppyfields.tumblr.com/tagged/celestial%20bodies/chrono,3,9,1,3,
25,[Celestial Bodies] [Intro],,,beyond the poppyverse,,"DONOR, PILOT, UNIT",https://inpoppyfields.tumblr.com/post/796911037849927680/celestial-bodies-intro,1,0,0,0,
26,"[21 Pilots, Too Many Pilots]",v1 / v2,"All the PILOTs, from every fork and timeline and universe. No such thing as too many. Probably.",beyond the poppyverse,,All the PILOTs,https://inpoppyfields.tumblr.com/tagged/21%20pilots%20too%20many%20pilots/chrono,5,10,1,2,
27,[Sheep Milk Latte],p0 / p1,"Retired, coastal, vaguely cursed. The séance was not on the schedule.",the orange poppyverse,,"DONOR, PILOT, UNIT",https://inpoppyfields.tumblr.com/tagged/sheep%20milk%20latte/chrono,1,6,9,1,
28,[Sheep Milk Latte] INTRO,,,the orange poppyverse,,"DONOR, PILOT, UNIT",https://inpoppyfields.tumblr.com/post/809303512817238016/sheep-milk-latte-intro,1,0,0,0,
29,[ASSMAN OMELET]: The New Kid,,Uh-oh…,the orange poppyverse,by the bay,"PILOT, DONOR, UNIT, AUTOPILOT, NULL",https://inpoppyfields.tumblr.com/post/796910173170089984/assman-omelet-the-new-kid,1,7,10,3,
30,[ASSMAN OMELET] [Farewell in Purple],p1 / p2 / p3,A purple-tinged farewell.,the orange poppyverse,by the bay,"DONOR, PILOT, UNIT",https://inpoppyfields.tumblr.com/tagged/farewell%20in%20purple/chrono,3,4,10,10,
31,"[ASSMAN OMELET]: Honey, the Kids *ARE* the Fridge",,We’re not kidding around.,the orange poppyverse,by the bay,"PILOT, DONOR, UNIT, AUTOPILOT",https://inpoppyfields.tumblr.com/post/796909575462961152/assman-omelet-honey-the-kids-are-the-fridge,1,6,10,3,
32,[ASSMAN OMELET] [Intermission in Purple],p1 / p2 / p3,A purple intermission where the joke-house pauses long enough for the grief in the walls to become audible.,the orange poppyverse,by the bay,"DONOR, PILOT, UNIT",https://inpoppyfields.tumblr.com/tagged/intermission%20in%20purple/chrono,3,7,10,10,
33,[ASSMAN OMELET]: The Kids,,They’re alright.,the orange poppyverse,by the bay,"PILOT, DONOR, UNIT, AUTOPILOT",https://inpoppyfields.tumblr.com/post/796908944307142656/assman-omelet-the-kids,1,6,10,2,
34,[ASSMAN OMELET]: The Fridge,,The leftovers are the least of your concerns.,the orange poppyverse,by the bay,"PILOT, DONOR, UNIT, AUTOPILOT",https://inpoppyfields.tumblr.com/post/796908257261371392/in-another-world-aka-ours-assman-omelet,1,6,10,2,
35,[In Another World… AKA Ours]: Frosty the Snowman,,“Let’s run and we’ll have some fun before I melt away!”,the orange poppyverse,by the bay,"The BY THE BAY cast, DONOR",https://inpoppyfields.tumblr.com/post/796907731694075904/in-another-world-aka-ours-frosty-the-snowman,1,7,10,1,
36,[In Another World AKA Ours] INTRO ADDENDUM,,,the orange poppyverse,by the bay,"DONOR, PILOT, UNIT",https://inpoppyfields.tumblr.com/post/809302845060988928/in-another-world-aka-ours-intro-addendum,1,0,0,0,
37,[In Another World AKA Ours] INTRO,,,the orange poppyverse,by the bay,"DONOR, PILOT, UNIT",https://inpoppyfields.tumblr.com/post/809302780696281088/in-another-world-aka-ours-intro,1,0,0,0,
38,Modern Family,p1 / p2 / p3 / p4,"A cheerful family sitcom setup, except the family tree has been folded into an paradoxical origami crane and nobody should ask follow-up questions.",the desert roseverse,,"LIANG, PILOT, Older LIANG, Older PILOT",https://inpoppyfields.tumblr.com/tagged/modern%20family/chrono,4,8,5,3,
39,Mirage Patrol,v0 / v1 p1 / v1 p2 / v2,"A patrol crosses heat, duty, and memory until the horizon starts editing itself.",the desert roseverse,,"LIANG, PILOT, Older LIANG",https://inpoppyfields.tumblr.com/tagged/mirage%20patrol/chrono,4,9,5,3,
40,Keep on Dreamin’ Kid,p1 / p2,He’s annoyingly alive and hard to kill.,the desert roseverse,,"LIANG, Older LIANG",https://inpoppyfields.tumblr.com/tagged/keep%20on%20dreamin%20kid/chrono,2,7,5,3,
41,Ant-Sized Angels,v1 / v2,"From 10,000 feet, everyone looks like ants. At least ants have their lives together.",the desert roseverse,,"LIANG, PILOT",https://inpoppyfields.tumblr.com/tagged/ant%20sized%20angels%20-%20earth%20and%20sky/chrono,3,8,5,3,
42,"Meet LIANG, the wingman",,He’s your wingman!,the desert roseverse,,"LIANG, PILOT",https://inpoppyfields.tumblr.com/post/796821134593163264/ant-sized-angels-intro-the-wingman,1,10,5,3,
43,[Ants & Angels] INTRO,,,the desert roseverse,,"DONOR, PILOT, UNIT",,1,0,0,0,
44,The house knows something that you do not,p1 / p2 / p3,Totally not creepy at all.,the orange poppyverse,do in dc,"Linguist PILOT, various DC housemates",https://inpoppyfields.tumblr.com/tagged/the%20house%20knows%20something%20that%20you%20do%20not/chrono,3,6,5,2,
45,The city knows something that you do not,p1 / p2,When public grief grows teeth.,the orange poppyverse,do in dc,"Linguist PILOT, various DC housemates",https://inpoppyfields.tumblr.com/tagged/the%20city%20knows%20something%20that%20you%20do%20not/chrono,2,6,5,2,
46,[Things To Do in DC]: INTRO,,,the orange poppyverse,do in dc,"DONOR, PILOT, UNIT",https://inpoppyfields.tumblr.com/post/809295298054766592/things-to-do-in-dc-intro,1,0,0,0,
47,ERIEYE & TITAN - Sky & Earth,v1 / v2,"One watches the sky, one anchors the earth.",welcome to the poppyverse,char spotlight,"ERIEYE, TITAN",https://inpoppyfields.tumblr.com/tagged/sky%20and%20earth/chrono,2,1,1,7,
48,SERAPHIM - Angel,,Gone before the halo could cool.,welcome to the poppyverse,char spotlight,SERPHIM,https://inpoppyfields.tumblr.com/post/790305076800602112/spotlight-seraphim-angel,1,1,1,8,
49,VIGIL - Survivor,,Survival is less triumphant than it sounds and more sacred than it admits.,welcome to the poppyverse,char spotlight,"VIGIL, UNIT",https://inpoppyfields.tumblr.com/post/761642385125113856/spotlight-vigil,1,1,1,8,
50,ERIEYE & TITAN - Heaven,,"Heaven becomes radar, altitude, and the awful kindness of being watched over.",welcome to the poppyverse,char spotlight,"ERIEYE, TITAN",https://inpoppyfields.tumblr.com/post/763486348767313920/spotlight-erieye-heaven,1,1,1,9,
51,ERIEYE & TITAN - Heaven and Hell,p1 / p2,Protection and terror share an airspace.,welcome to the poppyverse,char spotlight,"ERIEYE, TITAN",https://inpoppyfields.tumblr.com/tagged/heaven%20and%20hell/chrono,2,1,1,9,
52,ERIEYE,p1 / p2 / p3 / p4,Chirp chirp.,welcome to the poppyverse,char spotlight,ERIEYE,https://inpoppyfields.tumblr.com/tagged/erieye/chrono,4,1,1,2,
53,RATCHET - Giants in Waiting,,They wait…,welcome to the poppyverse,char spotlight,RATCHET,https://inpoppyfields.tumblr.com/post/761012309930000384/spotlight-ratchet-giants-in-waiting,1,1,1,5,
54,SENTINEL - Sentience,,SENTINEL crosses the line from guarding to knowing it is guarding.,welcome to the poppyverse,char spotlight,"SENTINEL, UNIT",https://inpoppyfields.tumblr.com/post/760312233618259968/spotlight-sentinel-nascence,1,1,1,5,
55,PRISMA - Epitaph,,"The epitaph reads like salvage, light, and identity refusing to die in one piece.",welcome to the poppyverse,char spotlight,"PRISMA, various dead units",https://inpoppyfields.tumblr.com/search/PRISMA%20-%20Epitaph,1,1,1,7,
56,MIRA - Ocean,,"MIRA is oceanic: distant, immense, and probably deeper than anyone’s clearance level.",welcome to the poppyverse,char spotlight,"MIRA, various units",https://inpoppyfields.tumblr.com/post/760128936428601344/spotlight-mira,1,1,1,7,
57,[LILY PONDERINGS]: Dream of an Old Flame,,The universe never lets old flames stay past tense.,the lilyverse,,"DONOR, PILOT, UNIT",https://inpoppyfields.tumblr.com/post/764815943347191808/lily-ponderings-dream-of-an-old-flame,1,3,1,4,
58,[LILY PONDERINGS]: Flame in the Dark,,"A tiny flame keeps burning in the dark, rude with hope and worse with memory.",the lilyverse,,"DONOR, PILOT, UNIT",https://inpoppyfields.tumblr.com/post/764815832493801472/lily-ponderings-flame-in-the-dark,1,3,1,4,
59,[LILY PONDERINGS]: The Anomalous Cat [2],,"The anomalous cat returns, which is adorable until the recognition starts.",the lilyverse,,"DONOR, PILOT, UNIT",https://inpoppyfields.tumblr.com/search/%5BLILY%20PONDERINGS%5D%3A%20The%20Anomalous%20Cat%20%5B2%5D,1,3,1,1,
60,[LILY PONDERINGS]: The Anomalous Cat [1],p1 / p2,A strange cat arrives carrying the softest possible category of existential threat.,the lilyverse,,"DONOR, UNIT",https://inpoppyfields.tumblr.com/tagged/the%20anomalous%20cat/chrono,2,3,1,1,
61,[REST AND RUST]: The Woman in Black and Red,,The woman in black and red appears.,deeper into the poppyverse,rest and rust,"PILOT, UNIT",https://inpoppyfields.tumblr.com/post/764814532779606016/rest-and-rust-the-woman-in-black-and-red,1,1,1,8,
62,[LILIUM CANDIDUM] - FINALE - Back to Stardust,,The finale sends what is left back to stardust.,the lilyverse,,"DONOR, PILOT, AUTOPILOT",https://inpoppyfields.tumblr.com/post/761682204801826816/lilium-candidum-back-to-stardust,1,1,1,5,
63,[LILIUM CANDIDUM]: The Silver Ribbon,,A silver ribbon tries to hold memory together.,the lilyverse,,"DONOR, AUTOPILOT",https://inpoppyfields.tumblr.com/post/761674967240900608/lilium-candidum-the-silver-ribbon,1,1,1,7,
64,[LILIUM CANDIDUM]: Silk and Steel,p1 / p2 / p3,Softness meets armor and neither one escapes unchanged.,the lilyverse,,"DONOR, AUTOPILOT, various fleet personnel",https://inpoppyfields.tumblr.com/tagged/silk%20and%20steel/chrono,3,1,1,7,
65,[LILIUM CANDIDUM]: Cold Words,,Words freeze before they wound.,the lilyverse,,"DONOR, AUTOPILOT",https://inpoppyfields.tumblr.com/post/761488202627530752/lilium-candidum-reckless,1,1,1,7,
66,[LILIUM CANDIDUM]: Breaking Point,,The pressure finally wins.,the lilyverse,,"DONOR, AUTOPILOT",https://inpoppyfields.tumblr.com/post/761388530915246080/lilium-candidum-breaking-point,1,1,1,8,
67,[LILIUM CANDIDUM]: Breaking the Broken,,Repair becomes another way to fracture what was already barely holding.,the lilyverse,,"DONOR, AUTOPILOT",https://inpoppyfields.tumblr.com/post/761388206774255616/lilium-candidum-breaking-the-broken,1,1,1,8,
68,[LILIUM CANDIDUM]: Autopilot Mode,,Survival hits autopilot when the self can no longer stay in the cockpit.,the lilyverse,,"DONOR, PILOT",https://inpoppyfields.tumblr.com/post/761387716712742912/lilium-candidum-autopilot-mode,1,1,1,8,
69,[LILIUM CANDIDUM]: The Machine [v1] - Not Her,,The machine looks close enough to hurt and wrong enough to survive.,the lilyverse,,"DONOR, PILOT, UNIT",https://inpoppyfields.tumblr.com/search/%5BLILIUM%20CANDIDUM%5D%3A%20The%20Machine%20%5Bv1%5D%20-%20Not%20Her,1,1,1,9,
70,[LILIUM CANDIDUM]: The Machine,v1 / v2,"Is resemblance a resurrection, replacement, or insult?",the lilyverse,,"UNIT, various other units",https://inpoppyfields.tumblr.com/tagged/lilium%20candidum%20-%20the%20machine/chrono,2,1,2,9,
71,[LILIUM CANDIDUM]: Beginnings,p1 / p2,The Lilyverse begins before anyone understands how expensive gentleness will become.,the lilyverse,,"DONOR, PILOT, UNIT",https://inpoppyfields.tumblr.com/tagged/lilium%20candidum%20-%20beginnings/chrono,2,1,3,5,
72,Sick Call: A Band-Aid for a Tank,,Medical care meets tank-scale injury and produces an industrial-strength tenderness problem.,welcome to the poppyverse,holomatter matters,"UNIT, various other units",https://inpoppyfields.tumblr.com/post/764813912121262080/sick-call-a-band-aid-for-a-tank,1,1,4,3,
73,Sick Call: Sleepover,,A sick-call turns into a sleepover.,welcome to the poppyverse,holomatter matters,"UNIT, various other units",https://inpoppyfields.tumblr.com/post/764813728693862401/sick-call-sleepover,1,1,5,3,
74,Sick Call: Pain Relief,,Pain relief gets complicated.,welcome to the poppyverse,holomatter matters,"UNIT, various other units",https://inpoppyfields.tumblr.com/post/764813679931850752/sick-call-pain-relief,1,1,3,3,
75,The Daughter,,Daughterhood enters the machine-body problem.,welcome to the poppyverse,holomatter matters,"UNIT, various other units",https://inpoppyfields.tumblr.com/post/764812924982362112/the-daughter,1,1,3,3,
76,Nap_With_Notifications_On.png,,A lock-screen nap becomes archaeological evidence.,welcome to the poppyverse,pilot postings,PILOT,https://inpoppyfields.tumblr.com/post/764812453101125632/lock-screen-sleeping-in,1,1,6,1,
77,Costco_At_Midnight.heic,,A midnight Costco run becomes found footage from the uncanny.,welcome to the poppyverse,pilot postings,PILOT,https://inpoppyfields.tumblr.com/post/764812262927220736/lock-screen-costco-at-midnight,1,1,5,1,
78,Calendar_SpaceBase.ics,,"Space base life appears as calendar blocks, because even anomalies need scheduling.",welcome to the poppyverse,pilot postings,PILOT,https://inpoppyfields.tumblr.com/post/764811960267177984/calendar-day-view-space-base,1,1,5,1,
79,Calendar_EarthBase.ics,,“Checking calendar for availability…”,welcome to the poppyverse,pilot postings,PILOT,https://inpoppyfields.tumblr.com/post/764811896880807936/calendar-day-view-earth-base,1,1,5,1,
80,InstagramHistory_2.json,,#JustDimensionalRiftThings,welcome to the poppyverse,pilot postings,PILOT,https://inpoppyfields.tumblr.com/post/764811830102228993/instagram-2,1,1,5,1,
81,InstagramHistory_1.json,,Even glitches in reality need an Instagram filter.,welcome to the poppyverse,pilot postings,PILOT,https://inpoppyfields.tumblr.com/post/764811733357510656/instagram-1,1,1,5,1,
82,Robots in Disguise: GAMMA and the Skateboarder,,Some machines apparently need both speed and plausible deniability.,welcome to the poppyverse,holomatter matters,"UNIT, various other units",https://inpoppyfields.tumblr.com/post/763714439880065024/more-than-meets-the-eye-gamma-and-the,1,1,5,1,
83,Robots in Disguise: UNIT and the Red Poppies,,"UNIT picks flowers very gently, which is sweet until you remember what the flowers are usually about.",welcome to the poppyverse,holomatter matters,"DONOR, PILOT, UNIT",https://inpoppyfields.tumblr.com/post/763714375543652352/more-than-meets-the-eye-unit-and-the-red-poppies,1,1,5,1,
84,Robots in Disguise: TITAN and the Toy Tank,,"TITAN has a child avatar with a tiny toy tank replica of itself, because apparently recursion can be a war crime.",welcome to the poppyverse,holomatter matters,"UNIT, various other units",https://inpoppyfields.tumblr.com/post/763714281102573568/more-than-meets-the-eye-the-toy-tank,1,1,5,1,
85,HOLOMATTER MATTERS,p1 / p2 / p3 / p4 / p5 / p6,Clearly very important matters.,welcome to the poppyverse,holomatter matters,"UNIT, various other units",https://inpoppyfields.tumblr.com/tagged/holomatter%20matters/chrono,30,1,5,1,
86,Unauthorized Visitors: Incident Compilation,p1 / p2 / The Siblings,A helpful incident roundup suggesting security may have briefly left reality unattended.,welcome to the poppyverse,holomatter matters,"UNIT, various other units",https://inpoppyfields.tumblr.com/tagged/unauthorized%20visitors/chrono,3,9,5,1,
87,Pinterest DIY: Plushies,,Save pin to board?,welcome to the poppyverse,automated absurdity,"UNIT, various other units",https://inpoppyfields.tumblr.com/post/764811516885286912/pinterest-diy-plushies,1,1,5,1,
88,The Toasted CPU,,"isToaster == true, somehow not a bug.",welcome to the poppyverse,automated absurdity,"UNIT, various other units",https://inpoppyfields.tumblr.com/post/764811082799939584/the-toasted-cpu,1,1,2,1,
89,Defying Physics: The Turtle and the Hare,,"Speed, scale, and mechanical bodies make the fable deeply unfair.",welcome to the poppyverse,automated absurdity,"UNIT, various other units",https://inpoppyfields.tumblr.com/post/764471122494390272/defying-physics-blazing-fast,1,1,1,1,
90,Defying Physics: A Titanic Problem,,Titanic problems require titanic measures and a very eager TITAN.,welcome to the poppyverse,automated absurdity,"UNIT, various other units",https://inpoppyfields.tumblr.com/post/764470921888186368/defying-physics-a-titanic-problem,1,1,1,1,
91,Defying Physics: When Sheep Fly,,"The pigs did not get the memo, sadly.",welcome to the poppyverse,automated absurdity,"UNIT, various other units",https://inpoppyfields.tumblr.com/post/764434769923784704/defying-physics-when-sheep-fly,1,1,1,1,
92,Mornings,,The sun isn’t even fully clocked in.,welcome to the poppyverse,machine learnings,"UNIT, various other units",https://inpoppyfields.tumblr.com/post/760136746593894400/mornings,1,1,1,1,
93,Myopia,p1 / p2,"UNIT has 20/20 vision, assuming the second 20 is measured in city blocks.",welcome to the poppyverse,machine learnings,"UNIT, various other units",https://inpoppyfields.tumblr.com/tagged/myopia/chrono,2,1,1,1,
94,More Than Meets the Eye,,"Units, units, robots in the disguise. Units, units more than meets the eye!",welcome to the poppyverse,machine learnings,"UNIT, various other units",https://inpoppyfields.tumblr.com/post/760135569815764992/more-than-meets-the-eye,1,1,1,1,
95,Under the Radar,,"UNIT and GAMMA attempt low-observable flight, with only moderate disrespect toward air traffic control.",welcome to the poppyverse,machine learnings,"UNIT, various other units",https://inpoppyfields.tumblr.com/post/760135412338638848/under-the-radar,1,1,1,1,
96,Over the Radar,,"UNIT and GAMMA attempt high-observable flight, which is just regular flying but louder and worse for paperwork.",welcome to the poppyverse,machine learnings,"UNIT, various other units",https://inpoppyfields.tumblr.com/post/760135131164999680/close-communications,1,1,1,1,
97,Fly Like a Bee,,"""According to all known laws of aviation, there is no way a bee should be able to fly. Its wings are too small to get its fat little body off the ground. The bee, of course, flies anyway because bees don't care what humans think is impossible.”",welcome to the poppyverse,automated absurdity,"UNIT, various other units",https://inpoppyfields.tumblr.com/post/760134715439185920/fly-like-a-bee,1,1,1,1,
98,Using Its Head,,Literally.,welcome to the poppyverse,automated absurdity,"UNIT, various other units",https://inpoppyfields.tumblr.com/post/760134640638050304/pile-bunked,1,1,1,1,
99,Sartorial Sightings,,A hangar-observation fashion log for machines and avatars.,welcome to the poppyverse,automated absurdity,"UNIT, various other units",https://inpoppyfields.tumblr.com/post/760132988417769472/hangar-observations,1,1,1,1,
100,Wild Night Out,v1 / v2,"So, about last night…",welcome to the poppyverse,automated absurdity,"UNIT, various other units",https://inpoppyfields.tumblr.com/tagged/wild%20nights%20out/chrono,2,1,1,1,
101,Uncanny Valley,p1 / p2 / p3 / p4 / p5 / p6 / p7 / p8 / p9,The valley gets crowded with almost-human beings and absolutely no emotional zoning laws.,the lilyverse,,"AUTOPILOT, Lily PILOT is a ghost",https://inpoppyfields.tumblr.com/tagged/uncanny%20valley/chrono,5,1,1,8,
102,Post-Piloting,1 / 2 / 3 / Bumper Stickers / Extra Cheese Pizza / Sedentary Shift 1 / Sedentary Shift 2 / Bedroom Ceiling Galaxy / The Final Dream / The Final Recharge p1 / The Final Recharge p2 / After the Dream v1 / After the Dream v2 / After the Dream v3,"After piloting, the body leaves the cockpit but the cockpit does not leave the body.",welcome to the poppyverse,,PILOT the retired pilot,https://inpoppyfields.tumblr.com/tagged/post%20piloting/chrono,1,3,10,4,64
103,Sisters in Pink,p1 / p2,"Sisterhood arrives soft, bright, and emotionally armed.",the lilyverse,anomalies in pink,"UNIT, AUTOPILOT",https://inpoppyfields.tumblr.com/tagged/sisters%20in%20pink/chrono,2,5,8,1,
104,Poppies and Lilies,,Stop and smell the flowers…,the lilyverse,anomalies in pink,"DONOR, PILOT, UNIT",https://inpoppyfields.tumblr.com/post/761402778216235008/anomalies-in-pink-poppies-and-lilies,1,5,1,3,
105,Units for Measure,p1 / p2,The tape measure is too short.,the lilyverse,anomalies in pink,"UNIT, AUTOPILOT",https://inpoppyfields.tumblr.com/tagged/units%20for%20measure/chrono,2,5,1,5,
106,The Dream in the Cupola,,"Set in the space base cupola, where vision, height, and memory become unnervingly tender.",the lilyverse,anomalies in pink,"PILOT, DONOR",https://inpoppyfields.tumblr.com/post/761390437058641920/anomalies-in-pink-the-dream-2,1,6,1,8,
107,The Dream in the Corridor,,Liminal architecture and emotional pursuit mingle in a space that will not stay neutral.,the lilyverse,anomalies in pink,"PILOT, DONOR",https://inpoppyfields.tumblr.com/post/761390342758072320/anomalies-in-pink-the-dream-1,1,6,1,8,
108,Storm in Pink,p1 / p2 / p3 / p4 / p5,"Not the pink of blush and bows, but the pink of exposed flesh learning how to close.",the lilyverse,anomalies in pink,"PILOT, DONOR, UNIT, AUTOPILOT",https://inpoppyfields.tumblr.com/tagged/storm%20in%20pink/chrono,5,6,1,5,
109,Mergence,p1 / p2 / p3 / p4 / p5 / p6 / p7 / p8 / p9,PILOT and UNIT become one entity. Permanently. This is not a metaphor.,deeper into the poppyverse,,"PILOT, UNIT",https://inpoppyfields.tumblr.com/tagged/mergence/chrono,5,1,1,3,
110,Her Face in Every Sky,,A beloved face appears everywhere.,welcome to the poppyverse,ghost in the machine,"PILOT, DONOR, UNIT",https://inpoppyfields.tumblr.com/post/760416975168192512/her-face,1,1,1,5,
111,Her Embrace,,"An embrace becomes shelter, trap, memory, and mercy all at once.",welcome to the poppyverse,ghost in the machine,"PILOT, DONOR, UNIT",https://inpoppyfields.tumblr.com/post/760415194349469696/her-embrace,1,1,1,5,
112,Sun and Moon,,Two presences orbit each other with the obviousness of myth and the subtlety of disaster.,welcome to the poppyverse,ghost in the machine,"PILOT, DONOR, UNIT",https://inpoppyfields.tumblr.com/post/760415094473736192/sun-and-moon,1,1,1,3,
113,Facial Recognition in the Garden,,"The garden recognizes a face it should not know, which is how peace gets compromised.",deeper into the poppyverse,rest and rust,"PILOT, UNIT",https://inpoppyfields.tumblr.com/post/760411447481319424/rest-and-rust-facial-recognition-in-the-garden,1,1,1,8,
114,Bye Bye Bluebird,,"Something small and blue leaves the frame, and the loss lands harder than expected.",deeper into the poppyverse,rest and rust,"UNIT, GAMMA",https://inpoppyfields.tumblr.com/post/760579223796826112/bye-bye-bluebird,1,1,1,9,
115,Commander UNIT,p1 / p2 / p3 / p4 / p5 / p6 / p7 / p8 / p9 / p10 / p11,UNIT in command is still gentle; this somehow makes it more dangerous.,deeper into the poppyverse,,Commander UNIT,https://inpoppyfields.tumblr.com/tagged/commander%20unit/chrono,5,1,1,8,
116,Commander PILOT,p1 / p2 / p3 / p4 / p5 / p6 / p7,"PILOT in command proves authority can be exhausted, haunted, and still correct.",deeper into the poppyverse,,Commander PILOT,https://inpoppyfields.tumblr.com/tagged/commander%20pilot/chrono,5,1,1,8,115
117,Together Forever,p1 / p2 / p3 / p4,"Happily ever after, right?",deeper into the poppyverse,ghost stories,"PILOT, UNIT",https://inpoppyfields.tumblr.com/tagged/together%20forever/chrono,4,1,1,6,
118,MECH Z,,MECH Z arrives like a classification error with legs.,deeper into the poppyverse,ghost stories,"UNIT, MECH Z",https://inpoppyfields.tumblr.com/post/760214693236408320/mech-z,1,1,1,10,
119,Ghost in My Bones,p1 / p2,The haunting is no longer beside the body; it is load-bearing.,deeper into the poppyverse,ghost stories,"PILOT, UNIT",https://inpoppyfields.tumblr.com/tagged/ghost%20in%20my%20bones/chrono,2,1,1,8,
120,Gifts From the Grave,,"The dead keep giving gifts, and nobody knows the return policy.",deeper into the poppyverse,ghost stories,various units,https://inpoppyfields.tumblr.com/post/760213965702823936/gifts-from-the-grave,1,1,1,10,
121,Gifts From the Scrapyard,p1 / p2,The scrapyard offers love in the shape of parts nobody asked to inherit.,deeper into the poppyverse,ghost stories,various units,https://inpoppyfields.tumblr.com/tagged/gifts%20from%20the%20scrapyard/chrono,2,1,1,9,
122,Ghost in My Ship,p1 / p2 / p3,The ship carries its ghost like cargo that cannot be offloaded.,deeper into the poppyverse,ghost stories,"PILOT, UNIT",https://inpoppyfields.tumblr.com/tagged/ghost%20in%20my%20ship/chrono,3,1,1,10,
123,Ghost in My Shell,v1 / v2,"Armor becomes a shell, then a grave, then a self-shaped echo.",deeper into the poppyverse,ghost stories,"PILOT, UNIT",https://inpoppyfields.tumblr.com/tagged/ghost%20in%20my%20shell/chrono,2,1,1,10,
124,Reconfiguration in Two Ways,p1 / p2,"A rebuild can mean repair or erasure, and the body knows the difference.",deeper into the poppyverse,mechanical mortality,UNIT,https://inpoppyfields.tumblr.com/tagged/reconfiguration%20in%20two%20ways/chrono,2,1,1,10,
125,The Crypt,,The crypt stores machinery like remains and remains like machinery.,deeper into the poppyverse,mechanical mortality,UNIT,https://inpoppyfields.tumblr.com/post/760136517939314688/the-crypt,1,1,1,10,
126,GAMMA 2.0,,"GAMMA comes back upgraded, which is not the same as coming back okay.",deeper into the poppyverse,mechanical mortality,"UNIT, GAMMA",https://inpoppyfields.tumblr.com/post/760136464210280448/spotlight-gamma-rebirth,1,1,1,10,
127,Refurbished Hardware,,Reused parts make survival possible and emotionally devastating.,deeper into the poppyverse,mechanical mortality,UNIT,https://inpoppyfields.tumblr.com/post/760136009493217280/reused-parts,1,1,1,10,
128,Warpaint,,"Paint becomes record, warning, armor, and a very bad coping mechanism.",deeper into the poppyverse,mechanical mortality,UNIT,https://inpoppyfields.tumblr.com/post/760135947742543872/warpaint,1,1,1,10,
129,Administering Vital Aid,,Battlefield medicine turns mechanical when the patient is too large to be fully human and too alive to be equipment.,deeper into the poppyverse,mechanical mortality,UNIT,https://inpoppyfields.tumblr.com/post/760135811490611200/administering-vital-aid,1,1,1,10,
130,Casualties,,"Searching becomes counting, and counting becomes its own kind of injury.",deeper into the poppyverse,mechanical mortality,UNIT,https://inpoppyfields.tumblr.com/post/760135764720959488/searching,1,1,1,10,
131,Legacy Hardware,,New parts arrive carrying old ghosts and terrible warranty implications.,deeper into the poppyverse,mechanical mortality,UNIT,https://inpoppyfields.tumblr.com/post/760135703231447040/new-parts,1,1,1,10,
132,Poppies,p1 / p2 / p3 / p4,"The poppies keep blooming through memories, machines, and whatever the archive refuses to bury.",welcome to the poppyverse,,"DONOR, PILOT, UNIT",https://inpoppyfields.tumblr.com/tagged/poppies/chrono,4,1,1,5,
133,Soft,,"UNIT is soft, which remains logistically absurd and emotionally nonnegotiable.",welcome to the poppyverse,skin and steel,"PILOT, UNIT",https://inpoppyfields.tumblr.com/post/760128769231142912/skin-and-steel-soft,1,1,1,5,
134,Sleep,,"A pilot sleeps, and the room has the decency to become holy about it.",welcome to the poppyverse,skin and steel,"PILOT, UNIT",https://inpoppyfields.tumblr.com/post/760128563779371008/skin-steel-sleep,1,1,1,4,
135,Gentle,,“Be strong enough to be gentle.”,welcome to the poppyverse,gentle giant,"PILOT, UNIT",https://inpoppyfields.tumblr.com/post/760038945185841152/gentle-giant,1,1,1,4,
136,Aries,,The ram imagery is not subtle; neither is the protectiveness.,welcome to the poppyverse,gentle giant,"PILOT, UNIT",https://inpoppyfields.tumblr.com/post/760039038896013312/gentle-giant-aries,1,1,1,4,
137,Dirt Drawings,,UNIT draws in dirt with the seriousness of a child and the scale of construction equipment.,welcome to the poppyverse,gentle giant,"PILOT, UNIT",https://inpoppyfields.tumblr.com/post/760039190934274048/gentle-giant-dirt-drawings,1,1,1,1,
138,Dirt Drawings of Doom,,"The dirt drawings become ominous, because cute things here always unionize with doom.",welcome to the poppyverse,gentle giant,"PILOT, UNIT",https://inpoppyfields.tumblr.com/post/760039281531191296/gentle-giant-dirt-drawings-of-doom,1,1,1,1,
139,The Lamb,,The lamb is softness with horns nearby.,welcome to the poppyverse,gentle giant,"PILOT, UNIT",https://inpoppyfields.tumblr.com/tagged/the%20lamb/chrono,1,1,1,1,
140,SFW (Soft for Work),,UNIT’s softness remains workplace-safe only by the loosest possible definition.,welcome to the poppyverse,gentle giant,"PILOT, UNIT",https://inpoppyfields.tumblr.com/post/760040197249433600/gentle-giant-socially-awkward,1,1,1,1,
141,NSFW (Not Soft for Work),,The softness exits HR compliance and enters emotional hazard territory.,welcome to the poppyverse,gentle giant,"PILOT, UNIT",https://inpoppyfields.tumblr.com/post/760040343137812480/gentle-giant-socially-awkward-and-unintentionally,1,1,1,1,
142,#internal_comms,#wrecked_recruits / #generic_generals / #lots_of_pilots / #private_matters / #did_ensign_up_for_this / #colonels_on_a_cob / TAGGING GHOSTS,"Slack, but in zero gravity and with a suspicious amount of trauma.",welcome to the poppyverse,,"PILOT, various other fleet personnel",https://inpoppyfields.tumblr.com/tagged/internal%20comms/chrono,5,1,4,1,
143,The Piloting and the Piloted,p1 / p2,Pilot and machine blur into one control loop with feelings attached.,welcome to the poppyverse,,"various base personnel, various units",https://inpoppyfields.tumblr.com/tagged/the%20piloting%20and%20piloted/chrono,2,1,3,1,
144,#mechanized_messaging,#tank_tread_carefully / #computationally_commanding / #robots_in_disguise / #holomatter_help_hubub [1] / #holomatter_help_hubub [2],The machines are painfully alive and absolutely gossip-capable.,welcome to the poppyverse,,"UNIT, various other units",https://inpoppyfields.tumblr.com/tagged/mechanized%20messaging/chrono,1,1,3,1,142
145,INITIAL FOUND FILES,HUMAN PERSONNEL / UNIT SPECS / EARTH BASE / SPACE BASE,,found files,,"various personnel, various units, various engines",https://inpoppyfields.tumblr.com/search/%5BLOCATION%20PROFILES%5D%3A%20The%20Earth%20Base,4,0,0,1,
146,Beginnings,1 / 2 / 3 / 4 / 5 / 6 / 7.1 / 7.2 / 8.1 / 8.2 / 9,"The beginning begins innocently, which is how the archive tricks you.",welcome to the poppyverse,,"DONOR, PILOT, UNIT",https://inpoppyfields.tumblr.com/tagged/beginnings/chrono,11,3,2,5,
147,Cold Blood is Still Blood,,This story refuses to let temperature decide personhood.,deeper into the poppyverse,sisterhood in steel,AUTOPILOT,https://inpoppyfields.tumblr.com/post/812363643660468224/cold-blood-is-still-blood,1,1,1,7,
148,Wavelengths,,They’re on the same one.,deeper into the poppyverse,sisterhood in steel,"UNIT, AUTOPILOT",https://inpoppyfields.tumblr.com/post/812363093616246784/wavelengths,1,1,1,7,
149,Family Portrait,,A family photo taken from light-years away.,the orange poppyverse,"houston, houston","DONOR the anomalous extreterrestrial interdimensional entity, Director PILOT, UNIT is a cat",https://inpoppyfields.tumblr.com/post/810503484922281984/family-portrait,1,8,3,5,
150,"TOP MOST TRUSTED SPACE NEWS SOURCE, ACCORDING TO NASA DIRECTOR",,"PILOT’s media credibility ranking is either satire, propaganda, or a staffing emergency.",the orange poppyverse,"houston, houston","DONOR the anomalous extreterrestrial interdimensional entity, Director PILOT, UNIT is a cat",https://inpoppyfields.tumblr.com/post/810502958947188736/top-most-trusted-space-news-source-according-to,1,7,4,1,
151,BLDG K BSMT,1 / 2 / 3,"The basement has a name, which already means everyone is doomed.",area fifty-done,,"various base personnel, various units",https://inpoppyfields.tumblr.com/tagged/bldg%20k%20bsmt/chrono,3,8,2,3,
152,Perimeter Visitors Compendium,ORIGINAL / CONTINUED / UNEDITED,The perimeter keeps receiving visitors and none of them respect boundaries.,area fifty-done,,various base personnel,https://inpoppyfields.tumblr.com/tagged/perimeter%20visitors/chrono,3,8,2,4,
153,The Quiet Floor,p0.1 / p0.2 / p1 / p2 / p3 / p4,The quiet floor is quiet in the way a predator is quiet.,area fifty-done,,"PILOT, REYES",https://inpoppyfields.tumblr.com/tagged/the%20quiet%20floor/chrono,6,8,2,5,
154,The Quiet One,p1 / p2 / p3 / p4 / p5 / p6,"The quiet one says nothing, which is generally how the worst file starts.",area fifty-done,,various units,https://inpoppyfields.tumblr.com/tagged/the%20quiet%20one/chrono,6,8,2,5,
155,Even the Architecture is Cursed Here,,"The windows are alarmed, the bathrooms are suspicious, the doors are rude, and the floor plan may be legally haunted.",area fifty-done,,"PILOT, REYES, various base personnel, various units",https://inpoppyfields.tumblr.com/post/809395458615263232/even-the-architecture-is-cursed-here,1,8,2,5,
156,The Sentient Mechs are the Least Weirdest Thing Here,,"The giant thinking war robots are somehow the normal coworkers, which says terrible things about the rest of the base.",area fifty-done,,"PILOT, REYES, various base personnel, various units",https://inpoppyfields.tumblr.com/post/809395153895899136/the-sentient-mechs-are-the-least-weirdest-thing,1,9,2,5,
157,Ouija Boards are Useless Here,,Planchettes are for amateurs; this haunting prefers SMS.,area fifty-done,,"PILOT, REYES, various base personnel",https://inpoppyfields.tumblr.com/post/809394163693076480/ouija-boards-are-useless-here,1,10,2,5,
158,The Coffin in the Crowd,,One pedestrian does not look like the others. Please do not open it.,the orange poppyverse,do in dc,"Linguist PILOT, various DC housemates",https://inpoppyfields.tumblr.com/post/809323503418474496/the-coffin-in-the-crowd,1,10,2,5,
159,The Hill,p1 / p2 / p3,A figure walks uphill. PILOT follows. Something waits above them both.,the orange poppyverse,do in dc,"Linguist PILOT, various DC housemates",https://inpoppyfields.tumblr.com/tagged/the%20hill/chrono,3,10,4,5,
160,The Drives & Engines Archive,WHO AND WHAT ARE DRIVES & ENGINES / WHY THEY ARE DRAWN TO CERTAIN PLACES / UNRESOLVED / UNBOWED / FIRST / ULTRAVIOLET / CLINGER,,found files,,"various personnel, various units, various engines",https://inpoppyfields.tumblr.com/tagged/the%20drives%20and%20engines%20archive/chrono,7,0,4,5,
161,The Unauthorized Pet Rock,p0 / p1 / p2 / p3 / p4 / p5 / EPILOGUE,Please clean up after your pet rock.,the orange poppyverse,do in dc,"Linguist PILOT, various DC housemates",https://inpoppyfields.tumblr.com/tagged/the%20unauthorized%20pet%20rock/chrono,7,7,4,5,
162,The Unrecoverables,01 / 02 / 03 / 04 / 05 / 06 / 07 / 08 / MILO [p1] / MILO [p2] / MILO [v2],"Some people, files, and futures cannot be recovered; the archive keeps them anyway.",deeper into the poppyverse,,"PILOT, DONOR, various fleet personnel",https://inpoppyfields.tumblr.com/tagged/the%20unrecoverables/chrono,11,5,4,10,
163,The Other Side of the Heat,The woman in the sun / The white house with the blue shutters,The desert shows something it has no intention of giving back.,area fifty-done,,"PILOT, REYES, various base personnel",https://inpoppyfields.tumblr.com/tagged/the%20other%20side%20of%20the%20heat/chrono,2,10,4,8,
164,Dress in Layers,,Dress for the weather and emergency triage.,the red poppyverse,,SANTOS the medic,,2,1,1,10,
165,The Civilian,,She's just here to observe. Totally just observing.,the red poppyverse,,DONOR,,15,1,1,10,184
166,The Sideliner,,Benchwarmers have the best view of the game.,the red poppyverse,,PILOT,,20,1,1,10,174
167,Beyond Death and Recognition,,"DONOR's used to patients who don't talk back. These ones won't shut up, and that’s beautiful.",the red poppyverse,,Mortician DONOR,,15,1,1,10,
168,The Piloting,,"The haunting, but make it specifically PILOT.",the red poppyverse,,PILOT,,1,1,1,10,
169,Economy Class Is a Pain in the Ass,,The legroom is genuinely terrible. This is the least of everyone's problems.,the red poppyverse,,PILOT,,1,1,8,9,192
170,Unhinged Lids and Minds,,The lids in question will be explained. The minds in question will not.,the red poppyverse,,Rusted PILOT,,1,1,1,9,
171,"Houston, We’ve Got a Big Problem",,Yes you do. Yes it is massive. Houston cannot help.,the red poppyverse,,"PILOT, various other fleet personnel",,5,1,1,9,
172,"Houston, We’ve Got a Bigger Problem",,"If you thought the previous crew had it bad, this new crew has escalated it.",the red poppyverse,,"PILOT, various other fleet personnel",,5,1,1,9,171
173,You Get an F for Effort,,The F actually stands for failure.,the red poppyverse,,PILOT the civilian test pilot,,1,1,1,9,
174,It’s Your Turn,,Congratulations. You've been selected.,the red poppyverse,,PILOT,,40,1,1,10,"175, 189, 199, 186, 194"
175,It Was Almost Your Turn,,Congratulations. You were almost selected.,the red poppyverse,,PILOT,,1,1,1,9,174
176,You Get a Gold Star,,Congratulations. That is all.,the red poppyverse,,PILOT,,10,1,1,10,
177,Counting Stars,,"Everyone is counting stars. Way, way too many stars. No one is stopping.",the red poppyverse,,PILOT,,15,1,1,10,
178,Six Feet Long and Under,,Human-length. Human-width. The math on this one is deliberately uncomfortable.,the red poppyverse,,"PILOT, SANTOS the medic",,10,1,1,10,
179,Contracted Envy,,"DONOR works in the morgue. The dead don't complain. The living do. She prefers the dead, sometimes.",the red poppyverse,,Mortician DONOR,,50,1,1,10,
180,Dreams of Death,,PILOT dreams. They are not good dreams.,the red poppyverse,,PILOT,,10,1,1,10,
181,Flirting with Death,,Not metaphorically. Literally circling the drain and making eye contact with it.,the red poppyverse,,"Mortician DONOR, various other fleet personnel",,10,1,1,10,"179, 167"
182,Flirting After Death,,"Death hasn't stopped anyone's game. If anything, it's improved it.",the red poppyverse,,various other fleet personnel,,5,1,1,10,
183,Stars on a Wall,,PILOT counts stars. There are still too many. She also keeps going.,the red poppyverse,,PILOT,,10,1,1,10,
184,Stars on a Canvas,,DONOR counts stars. There are too many. She keeps going anyway.,the red poppyverse,,DONOR,,10,1,1,10,183
185,Pre-Piloting,,"Before PILOT was PILOT, she was something else.",the red poppyverse,,PILOT,,5,1,1,10,
186,In Serif vs. Source Sans,,The gap between what got written down and what actually happened . It’s a canyon.,the orange poppyverse,,"Techie PILOT, various Bay Area housemates",,1,1,3,2,
187,"Merry Christmas, Now Who Stickerbombed the House?",,The house has been stickerbombed. The house did not consent to being stickerbombed. Merry Christmas.,the orange poppyverse,,"Techie PILOT, various Bay Area housemates",,1,10,9,4,
188,Happy Thanksgiving and Why Is the Sky Pink?,,"The pink sky is not the emergency. The pink sky is just atmosphere. Everything else is the emergency.
",the orange poppyverse,,"Captain PILOT, Enlisted PILOT, Techie PILOT",,15,10,9,4,169
189,Section 94,,That is a large section number. Someone has been busy.,the orange poppyverse,,"Techie PILOT, various Bay Area housemates",,1,8,7,5,
190,You Wore the Same Outfit Twice,,The audacity. The nerve. The repeat.,the orange poppyverse,,"Techie PILOT, various Bay Area housemates",,1,8,7,3,
191,"Level Up, Level Down, or Just Level Sideways?",,"Progress is relative. So is direction. So, honestly, is the floor.",the orange poppyverse,,"Techie PILOT, various Bay Area housemates",,1,4,7,5,
192,Economy Class Sass,,Complimentary snacks will not be served. Neither will sympathy.,the orange poppyverse,,"Techie PILOT, various Bay Area housemates",,1,3,7,5,198
193,Apple-y Ever After,,Your software will update tonight.,the orange poppyverse,,"Techie DONOR, Techie PILOT, various Bay Area housemates",,1,3,7,5,
194,Do You Think They Felt Like Heroes? / Do You Feel Like a Hero?,,A question posed quietly. No pressure. Really.,the orange poppyverse,,"Techie DONOR, Techie PILOT, various Bay Area housemates",,1,3,7,6,
195,Four Steps to Nowhere,,Watch your step. The destination is not a place.,the orange poppyverse,,"Techie DONOR, Techie PILOT",,1,4,7,6,
196,Happy Memorial Day,,A long weekend of trauma. The grill is not involved.,the orange poppyverse,,"Techie DONOR, Techie PILOT, various Bay Area housemates",,5,4,7,6,
197,Lost in Translation,,"Hopelessly, utterly, irretrievably lost. And that's just the vocabulary.",the orange poppyverse,,"Linguist PILOT, various expat PILOTs",,1,10,7,6,
198,Happy Fourth of July,,A single night. A lifetime of damage.,the orange poppyverse,,"Techie DONOR, Techie PILOT, various Bay Area housemates",,5,4,7,6,
199,In Plaque vs. in Person,,The gap between the monument and the person. It's a canyon.,the orange poppyverse,,"Techie DONOR, Techie PILOT, various Bay Area housemates",,10,3,7,6,
200,Smoldering Embers,,"After the burn, the slow fade.",the spider lilyverse,,Rusted PILOT,,5,4,1,8,"201, 200, 208"
201,Orders from Somewhere High Above,,This is above your clearance level. It's also above everyone else's.,the spider lilyverse,,"Commander DONOR, SANTOS the medic",,5,4,1,8,
202,Haunting Goes Both Ways,,"You can haunt yourself. Your past self can haunt yourself, and so can your future self. The universe has a truly terrible sense of humor.",the spider lilyverse,,"Rusted PILOT, Rusted PILOT as a ghost, Young reincarnated PILOT, Young reincarnated PILOT as a hallucination",,5,10,1,10,208
203,NULL Error,,Meet NULL: a unit with no soul. This should be comforting. It is not.,the spider lilyverse,,,,10,2,1,10,207
204,Hot and Cold,,Opposites attract. This is textbook. This does not make it easier.,the spider lilyverse,,"Commander DONOR is also an anomalous entity, Rusted PILOT as a ghost",,1,10,1,10,
205,SANTOS Does Not Believe in Ghosts,,SANTOS does not believe in ghosts. SANTOS is surrounded by ghosts.,the spider lilyverse,,"Commander SANTOS, Rusted PILOT as a ghost",,1,8,1,9,207
206,Kintsugi in Gold,,The cracks are filled with gold. That's the whole point.,the spider lilyverse,,"Commander SANTOS, Young reincarnated PILOT",,5,9,1,9,207
207,Flecks of Gold,,Burn bright. While you can.,the spider lilyverse,,"Rusted PILOT, Young ensign SANTOS",,10,7,1,9,
208,"Flecks of Gold, Rekindled",,Burn back brighter. The universe gave it another shot.,the spider lilyverse,,"Commander SANTOS, Young reincarnated PILOT",,5,7,1,10,207
209,You Wanna Be Me,,OLDER PILOT looks at MUNDANE PILOT and sees herself. MUNDANE PILOT looks back and has thoughts.,the ultravioletverse,,"Older PILOT the CIA operator, Techie PILOT",,2,9,5,5,195
210,Now You Wanna Demand a Refund,,The experience was not as advertised.,the ultravioletverse,,"Older PILOT the CIA operator, Techie PILOT",,1,8,5,8,
211,Purple Is the Color of Envy,,Green had the monopoly for centuries. Purple is staging a coup.,the ultravioletverse,,"Older PILOT the CIA operator, Techie PILOT",,1,6,5,9,
212,Found in Translation,,Something was lost in translation. Something else was found.,the ultravioletverse,,"Older PILOT the CIA operator, Techie PILOT",,3,1,5,10,
213,Black Opt in or Out?,,OLDER PILOT is being asked a question. That question is the entire premise.,the ultravioletverse,,"Older PILOT the CIA operator, Techie PILOT",,1,8,5,5,