ID,Featured,Name,Cluster,Cover URL,Characters,(X) Relativity,(Y) Relatability,(Z) Depth,Collisions,Size,Content URL
99,No,absolute absurdity,welcome to the poppyverse,https://images.unsplash.com/photo-1528722426525-314c597d91f2?ixlib=rb-4.1.0&q=85&fm=jpg&crop=entropy&cs=srgb,various,(1),(1),(1) sea level,,5,
64,No,pilot postings,welcome to the poppyverse,https://images.unsplash.com/photo-1616912288156-68b9863cf97c?ixlib=rb-4.1.0&q=85&fm=jpg&crop=entropy&cs=srgb&w=3600,pilot,(1),(2),(1) sea level,,1,https://inpoppyfields.tumblr.com/archive/tagged/pilot%20postings
60,No,mechanized messaging,welcome to the poppyverse,https://images.unsplash.com/photo-1581090464777-f3220bbe1b8b?ixlib=rb-4.1.0&q=85&fm=jpg&crop=entropy&cs=srgb&w=3600,various,(1),(2),(1) sea level,61,1,https://inpoppyfields.tumblr.com/archive/tagged/mechanized%20messaging
61,No,internal comms,welcome to the poppyverse,https://images.unsplash.com/photo-1761507320645-b11a00bfcc34?ixlib=rb-4.1.0&q=85&fm=jpg&crop=entropy&cs=srgb&w=3600,various,(1),(2),(1) sea level,,5,https://inpoppyfields.tumblr.com/archive/tagged/internal%20comms
49,Yes,the beginning,welcome to the poppyverse,https://images.unsplash.com/photo-1615780291333-853ef52154e8?ixlib=rb-4.1.0&q=85&fm=jpg&crop=entropy&cs=srgb&w=3600,"donor, pilot, unit",(1),(2),(1) sea level,,15,https://inpoppyfields.tumblr.com/archive/tagged/beginnings
42,Yes,welcome to area fifty-DONE,welcome to the poppyverse,https://images.unsplash.com/photo-1554447712-468098b7e184?ixlib=rb-4.1.0&q=85&fm=jpg&crop=entropy&cs=srgb&w=3600,"pilot, reyes, unit",(5),(1),(1) sea level,,5,https://inpoppyfields.tumblr.com/tagged/area%20fifty%20done/chrono
30,No,automated absurdity,welcome to the poppyverse,https://images.unsplash.com/photo-1558244661-d248897f7bc4?ixlib=rb-4.1.0&q=85&fm=jpg&crop=entropy&cs=srgb&w=3600,unit,(1),(2),(1) sea level,"5, 60",5,https://inpoppyfields.tumblr.com/archive/tagged/automated%20absurdity
24,Yes,unit by unit,welcome to the poppyverse,https://images.unsplash.com/photo-1502134249126-9f3755a50d78?ixlib=rb-4.1.0&q=85&fm=jpg&crop=entropy&cs=srgb,various,(1),(1),(3) darker,,10,https://inpoppyfields.tumblr.com/archive/tagged/character%20spotlight
17,No,holomatter matters,welcome to the poppyverse,https://images.unsplash.com/photo-1632195217465-4f334314762f?ixlib=rb-4.1.0&q=85&fm=jpg&crop=entropy&cs=srgb&w=3600,"gamma, unit",(1),(2),(1) sea level,,1,https://inpoppyfields.tumblr.com/archive/tagged/holomatter%20matters
21,Yes,gentle giant,welcome to the poppyverse,https://images.unsplash.com/photo-1587910030090-af0cd8077e9e?ixlib=rb-4.1.0&q=85&fm=jpg&crop=entropy&cs=srgb&w=3600,"pilot, unit",(1),(2),(1) sea level,,10,https://inpoppyfields.tumblr.com/archive/tagged/gentle%20giant
11,No,skin and steel,welcome to the poppyverse,https://images.unsplash.com/photo-1619540778121-83b18d2c867d?ixlib=rb-4.1.0&q=85&fm=jpg&crop=entropy&cs=srgb,"pilot, unit",(1),(2),(2) deeper,,5,https://inpoppyfields.tumblr.com/archive/tagged/skin and steel
5,No,machine learnings,welcome to the poppyverse,https://images.unsplash.com/photo-1621083309107-ceadd3a38026?ixlib=rb-4.1.0&q=85&fm=jpg&crop=entropy&cs=srgb&w=3600,"pilot, unit",(1),(2),(2) deeper,,10,https://inpoppyfields.tumblr.com/archive/tagged/machine%20learnings
56,No,rest and rust,deeper into the poppyverse,https://images.unsplash.com/photo-1612529517647-ae42d841fdb1?ixlib=rb-4.1.0&q=85&fm=jpg&crop=entropy&cs=srgb&w=3600,"pilot, unit",(1),(1),(3) darker,,10,https://inpoppyfields.tumblr.com/archive/tagged/rest%20and%20rust
51,No,commander UNIT,deeper into the poppyverse,https://images.unsplash.com/photo-1515444029923-60569d238ec5?ixlib=rb-4.1.0&q=85&fm=jpg&crop=entropy&cs=srgb&w=3600,commander unit,(1),(1),(2) deeper,,5,https://inpoppyfields.tumblr.com/archive/tagged/commander unit
33,No,"mechanical mortality ",deeper into the poppyverse,https://images.unsplash.com/photo-1543965860-09e0d5a14ddb?ixlib=rb-4.1.0&q=85&fm=jpg&crop=entropy&cs=srgb&w=3600,unit,(1),(1),(2) deeper,5,5,https://inpoppyfields.tumblr.com/archive/tagged/mechanical%20mortality
22,No,sisterhood in skin and steel,deeper into the poppyverse,https://images.unsplash.com/photo-1760443267021-8df5fa55204e?ixlib=rb-4.1.0&q=85&fm=jpg&crop=entropy&cs=srgb&w=3600,"autopilot, unit",(1),(1),(4) deepest and darkest,17,1,https://inpoppyfields.tumblr.com/tagged/sisterhood%20in%20steel%20and%20skin/chrono
29,No,mergence,deeper into the poppyverse,https://images.unsplash.com/photo-1487235829740-e0ac5a286e1c?ixlib=rb-4.1.0&q=85&fm=jpg&crop=entropy&cs=srgb&w=3600,"huojin, pilot, unit",(1),(1),(2) deeper,,5,https://inpoppyfields.tumblr.com/archive/tagged/mergence
3,No,ghost stories,deeper into the poppyverse,https://images.unsplash.com/photo-1708112292872-fd5612affa79?ixlib=rb-4.1.0&q=85&fm=jpg&crop=entropy&cs=srgb&w=3600,"pilot, unit",(1),(1),(2) deeper,,10,https://inpoppyfields.tumblr.com/archive/tagged/ghost%20stories
4,No,commander PILOT,deeper into the poppyverse,https://images.unsplash.com/photo-1664179550989-894a1587554b?ixlib=rb-4.1.0&q=85&fm=jpg&crop=entropy&cs=srgb&w=3600,commander pilot,(1),(1),(2) deeper,51,5,https://inpoppyfields.tumblr.com/archive/tagged/commander%20pilot
86,No,the piloting,the red poppyverse,,pilot,(2),(1),(5) nvm,,1,
85,No,economy class is a pain in the ass,the red poppyverse,https://images.unsplash.com/photo-1683255060537-e858bf7c7e04?ixlib=rb-4.1.0&q=85&fm=jpg&crop=entropy&cs=srgb&w=3600,pilot,(5),(1),(5) nvm,84,1,
83,No,houston we are so screwed,the red poppyverse,https://images.unsplash.com/photo-1518365050014-70fe7232897f?ixlib=rb-4.1.0&q=85&fm=jpg&crop=entropy&cs=srgb&w=3600,pilot,(1),(1),(5) nvm,79,1,
81,No,it’s almost your turn,the red poppyverse,,pilot,(1),(1),(5) nvm,,1,
80,No,unhinged lids and minds,the red poppyverse,,rusted pilot,(1),(1),(5) nvm,,1,
79,No,houston we’ve got a massive problem,the red poppyverse,https://images.unsplash.com/photo-1581293963396-4d8804f556c2?ixlib=rb-4.1.0&q=85&fm=jpg&crop=entropy&cs=srgb&w=3600,pilot,(1),(1),(5) nvm,,1,
78,No,uncinematic cinematography,the red poppyverse,,pilot,(1),(1),(5) nvm,,1,
77,No,under the tree in the backyard,the red poppyverse,https://images.unsplash.com/photo-1731187033679-65963abe65d5?ixlib=rb-4.1.0&q=85&fm=jpg&crop=entropy&cs=srgb&w=3600,pilot,(1),(1),(5) nvm,,1,
74,No,you get an f for effort,the red poppyverse,,"donor, pilot",(1),(1),(1) sea level,,1,
70,No,it’s your turn,the red poppyverse,,pilot,(1),(1),(3) darker,80,1,
63,No,flirting after death,the red poppyverse,,various,(1),(1),(1) sea level,,10,
57,No,you get a gold star,the red poppyverse,https://images.unsplash.com/photo-1615355291727-5005d3c06793?ixlib=rb-4.1.0&q=85&fm=jpg&crop=entropy&cs=srgb&w=3600,"milo, pacheco, pilot, reyes",(1),(1),(5) nvm,,10,
58,No,counting stars,the red poppyverse,,,(5),(1),(5) nvm,,20,
45,No,six feet long and under,the red poppyverse,,"pilot, santos",(1),(1),(5) nvm,,10,
39,No,dreams of death,the red poppyverse,,pilot,(1),(1),(5) nvm,,10,
32,No,"contracted envy ",the red poppyverse,,contractor donor,(1),(1),(5) nvm,,20,
34,No,we regret to inform you,the red poppyverse,,pilot,(1),(1),(5) nvm,,5,
23,No,flirting with death,the red poppyverse,,contractor donor,(1),(1),(1) sea level,32,10,
27,No,stars on a wall,the red poppyverse,,pilot,(1),(1),(5) nvm,,10,
28,No,stars on a canvas,the red poppyverse,,donor,(1),(1),(5) nvm,27,10,
20,No,"pre-piloting ",the red poppyverse,,pilot,(1),(1),(3) darker,,5,
92,No,could you have done it?,the orange poppyverse,https://images.unsplash.com/photo-1595757872761-992fd6d3ab25?ixlib=rb-4.1.0&q=85&fm=jpg&crop=entropy&cs=srgb&w=3600,mundane pilot,(3),(5),(2) deeper,,1,
91,No,section something,the orange poppyverse,,mundane pilot,(3),(5),(2) deeper,,1,
90,No,section 94,the orange poppyverse,,mundane pilot,(3),(5),(2) deeper,91,1,
89,No,do you think they felt like heroes?,the orange poppyverse,https://images.unsplash.com/photo-1526392587392-d1627b6c134a?ixlib=rb-4.1.0&q=85&fm=jpg&crop=entropy&cs=srgb&w=3600,"mundane donor, mundane pilot",(3),(5),(2) deeper,,1,
88,No,you wore the same outfit twice,the orange poppyverse,,"mundane donor, mundane pilot, pacheco",(3),(5),(2) deeper,,1,
87,No,"level up, level down, or just level sideways?",the orange poppyverse,https://images.unsplash.com/photo-1590137876181-2a5a7e340308?ixlib=rb-4.1.0&q=85&fm=jpg&crop=entropy&cs=srgb&w=3600,mundane pilot,(2),(5),(2) deeper,,1,
84,No,economy class sass,the orange poppyverse,https://images.unsplash.com/photo-1595475349262-88ba1e1eecaf?ixlib=rb-4.1.0&q=85&fm=jpg&crop=entropy&cs=srgb&w=3600,mundane pilot,(4),(4),(1) sea level,10,1,
73,No,lost in china,the orange poppyverse,,"mundane donor, mundane pilot",(2),(5),(1) sea level,,1,
72,No,lost in japan,the orange poppyverse,,"mundane donor, mundane pilot",(2),(5),(1) sea level,,1,
69,No,assman omelet,the orange poppyverse,https://images.unsplash.com/photo-1676282826181-a4c010d384eb?ixlib=rb-4.1.0&q=85&fm=jpg&crop=entropy&cs=srgb&w=3600,"autopilot is a fridge door, mundane donor, mundane pilot, pacheco, santos, unit is a stove",(3),(5),(1) sea level,"10, 26",5,
67,No,things to do in dc,the orange poppyverse,https://images.unsplash.com/photo-1625882586497-458c0e7d7e23?ixlib=rb-4.1.0&q=85&fm=jpg&crop=entropy&cs=srgb&w=3600,"donor - metaphysically, linguist pilot",(2),(5),(2) deeper,8,5,
53,No,"houston, houston, i am the problem",the orange poppyverse,https://images.unsplash.com/photo-1614642240262-a452c2c11724?ixlib=rb-4.1.0&q=85&fm=jpg&crop=entropy&cs=srgb&w=3600,"director pilot, donor - metaphysically, unit is a cat",(3),(5),(1) sea level,,1,https://inpoppyfields.tumblr.com/tagged/houston houston i'm the problem/chrono
55,No,would you have been proud of you?,the orange poppyverse,,mundane pilot,(1),(4),(1) sea level,,1,
50,No,apple-y ever after,the orange poppyverse,https://images.unsplash.com/photo-1695973056909-67189edc1c9e?ixlib=rb-4.1.0&q=85&fm=jpg&crop=entropy&cs=srgb&w=3600,"autopilot - metaphysically, mundane donor, mundane pilot, unit - metaphysically",(3),(5),(1) sea level,,1,
40,No,sheep milk latte,the orange poppyverse,https://images.unsplash.com/photo-1615705592748-029c989e6d5c?ixlib=rb-4.1.0&q=85&fm=jpg&crop=entropy&cs=srgb&w=3600,"old donor, older pilot",(3),(4),(1) sea level,,1,https://inpoppyfields.tumblr.com/tagged/sheep%20milk%20latte/chrono
43,No,do you feel like a hero?,the orange poppyverse,,"mundane donor, mundane pilot",(2),(4),(1) sea level,"42, 89",1,
31,No,the house breathes,the orange poppyverse,https://images.unsplash.com/photo-1649616581825-5eb4e874b365?ixlib=rb-4.1.0&q=85&fm=jpg&crop=entropy&cs=srgb&w=3600,"mundane donor, mundane pilot",(2),(4),(1) sea level,,5,
25,No,four steps to nowhere,the orange poppyverse,,"mundane donor, mundane pilot",(2),(5),(1) sea level,,1,
26,No,happy memorial day,the orange poppyverse,https://images.unsplash.com/photo-1533460004989-cef01064af7e?ixlib=rb-4.1.0&q=85&fm=jpg&crop=entropy&cs=srgb&w=3600,"autopilot is a fridge door, mundane pilot, unit is a stove",(1),(5),(1) sea level,,5,
8,No,lost in translation,the orange poppyverse,,"linguist pilot, pilots - all of them",(5),(4),(1) sea level,,1,
9,Yes,"post-piloting ",the orange poppyverse,https://images.unsplash.com/photo-1577705998148-6da4f3963bc8?ixlib=rb-4.1.0&q=85&fm=jpg&crop=entropy&cs=srgb&w=3600,"donor, gamma, pilot, sparrow, thunder, titan, unit",(1),(5),(1) sea level,"21, 17, 61",1,https://inpoppyfields.tumblr.com/archive/tagged/post%20piloting
10,No,happy fourth of july,the orange poppyverse,https://images.unsplash.com/photo-1562814830-8286a3397045?ixlib=rb-4.1.0&q=85&fm=jpg&crop=entropy&cs=srgb&w=3600,mundane pilot,(1),(5),(1) sea level,69,5,
13,No,in serif vs in source sans,the orange poppyverse,https://images.unsplash.com/photo-1557180295-76eee20ae8aa?ixlib=rb-4.1.0&q=85&fm=jpg&crop=entropy&cs=srgb&w=3600,mundane pilot,(1),(5),(1) sea level,,10,
14,No,in plaque vs in person,the orange poppyverse,,mundane pilot,(1),(5),(1) sea level,13,15,
76,No,i just saw beyonce,the desert roseverse,https://images.unsplash.com/photo-1573119453890-7e202a735acf?ixlib=rb-4.1.0&q=85&fm=jpg&crop=entropy&cs=srgb&w=3600,pilot,(1),(1),(2) deeper,,5,
75,No,designated driver for the worst house party ever,the desert roseverse,https://images.unsplash.com/photo-1634149224034-d18294d7749c?ixlib=rb-4.1.0&q=85&fm=jpg&crop=entropy&cs=srgb&w=3600,"pilot, unit is a robot in disguise",(1),(1),(2) deeper,,5,
46,No,stained sands,the desert roseverse,https://images.unsplash.com/photo-1661058498972-2bf3329850ef?ixlib=rb-4.1.0&q=85&fm=jpg&crop=entropy&cs=srgb&w=3600,"pilot, titan",(1),(1),(5) nvm,,10,
47,No,sand & siblings,the desert roseverse,https://images.unsplash.com/photo-1665043133078-ee095980ad93?ixlib=rb-4.1.0&q=85&fm=jpg&crop=entropy&cs=srgb&w=3600,"liang, pilot",(4),(3),(1) sea level,36,5,
36,No,ant sized angels,the desert roseverse,https://images.unsplash.com/photo-1640127248444-6f8fdf97c234?ixlib=rb-4.1.0&q=85&fm=jpg&crop=entropy&cs=srgb&w=3600,"liang, pilot",(4),(3),(1) sea level,47,1,https://inpoppyfields.tumblr.com/tagged/ant%20sized%20angels/chrono
1,No,sand & siblings & adult supervision,the desert roseverse,https://images.unsplash.com/photo-1518077738226-1607ea7f1846?ixlib=rb-4.1.0&q=85&fm=jpg&crop=entropy&cs=srgb&w=3600,"liang, older liang, older pilot, pilot",(4),(3),(1) sea level,"54, 36, 47, 68",10,
65,No,a spark in the dark,the lilyverse,https://images.unsplash.com/photo-1623855584723-53764e27c7c2?ixlib=rb-4.1.0&q=85&fm=jpg&crop=entropy&cs=srgb&w=3600,"autopilot, commander donor, pilot - metaphysically, unit is a cat",(1),(1),(3) darker,37,5,
59,No,lily pond ripples,the lilyverse,https://images.unsplash.com/photo-1672277330357-a6c70a823ce7?ixlib=rb-4.1.0&q=85&fm=jpg&crop=entropy&cs=srgb&w=3600,"autopilot, commander donor, pilot - metaphysically, unit is a cat",(1),(1),(3) darker,37,5,https://inpoppyfields.tumblr.com/archive/tagged/lily%20ponderings
48,No,anomalies in pink,the lilyverse,https://images.unsplash.com/photo-1763227676675-36ba34c26545?ixlib=rb-4.1.0&q=85&fm=jpg&crop=entropy&cs=srgb&w=3600,"autopilot, commander donor, pilot, unit",(4),(1),(2) deeper,"4, 27, 51",10,https://inpoppyfields.tumblr.com/archive/tagged/anomalies%20in%20pink
37,No,commander DONOR / lilium candidium,the lilyverse,https://images.unsplash.com/photo-1642391463359-1f70a2103f0b?ixlib=rb-4.1.0&q=85&fm=jpg&crop=entropy&cs=srgb&w=3600,"autopilot, commander donor, pilot - metaphysically, unit is a cat",(1),(1),(3) darker,,15,https://inpoppyfields.tumblr.com/archive/tagged/lilium%20candidum
2,No,uncanny valley,the lilyverse,https://images.unsplash.com/photo-1611912899967-3d7f93ae09f3?ixlib=rb-4.1.0&q=85&fm=jpg&crop=entropy&cs=srgb&w=3600,"autopilot, commander donor, pilot - metaphysically",(1),(1),(3) darker,48,5,https://inpoppyfields.tumblr.com/archive/tagged/uncanny%20valley
96,No,smoldering embers,the spider lilyverse,https://images.unsplash.com/photo-1557951959-e3e30ee937e5?ixlib=rb-4.1.0&q=85&fm=jpg&crop=entropy&cs=srgb&w=3600,,(4),(1),(3) darker,,5,
95,No,orders from somewhere high above,the spider lilyverse,,,(4),(1),(3) darker,,5,
93,No,haunting goes both ways,the spider lilyverse,https://images.unsplash.com/photo-1759392059291-905bbcd9bb98?ixlib=rb-4.1.0&q=85&fm=jpg&crop=entropy&cs=srgb&w=3600,"commander donor, reincarnated pilot, rusted pilot",(4),(1),(3) darker,,5,
52,No,null error,the spider lilyverse,https://images.unsplash.com/photo-1630148180214-417337ce9652?ixlib=rb-4.1.0&q=85&fm=jpg&crop=entropy&cs=srgb&w=3600,"null, rusted pilot",(1),(1),(3) darker,7,1,
44,No,hot and cold,the spider lilyverse,https://images.unsplash.com/photo-1712510795953-e1bdded91734?ixlib=rb-4.1.0&q=85&fm=jpg&crop=entropy&cs=srgb&w=3600,"donor, pilot",(5),(2),(1) sea level,41,1,
38,No,santos does not believe in ghosts,the spider lilyverse,https://images.unsplash.com/photo-1742520482453-42e5c95d14ed?ixlib=rb-4.1.0&q=85&fm=jpg&crop=entropy&cs=srgb&w=3600,"reincarnated pilot, rusted pilot, santos",(2),(1),(3) darker,7,1,
15,No,kintsugi in gold,the spider lilyverse,https://images.unsplash.com/photo-1636975262325-a0c611796b4a?ixlib=rb-4.1.0&q=85&fm=jpg&crop=entropy&cs=srgb&w=3600,"commander donor, pilot - metaphysically, rusted pilot",(1),(1),(3) darker,"7, 37",5,
18,No,flecks of gold rekindled,the spider lilyverse,https://images.unsplash.com/photo-1513460587394-905bb175a04c?ixlib=rb-4.1.0&q=85&fm=jpg&crop=entropy&cs=srgb&w=3600,"reincarnated pilot, rusted pilot, santos",(4),(1),(3) darker,7,5,
7,No,flecks of gold,the spider lilyverse,https://images.unsplash.com/photo-1697033012493-7e5a72a3234b?ixlib=rb-4.1.0&q=85&fm=jpg&crop=entropy&cs=srgb&w=3600,"rusted pilot, santos",(1),(1),(3) darker,,5,
100,No,now you wanna movie ticket refund,the ultravioletverse,https://images.unsplash.com/photo-1672862313692-3346b57e3fa2?ixlib=rb-4.1.0&q=85&fm=jpg&crop=entropy&cs=srgb&w=3600,"mundane pilot, older pilot",(5),(5),(4) deepest and darkest,,,
98,No,purple is the color of envy,the ultravioletverse,https://images.unsplash.com/photo-1607371059636-720f2c169e82?ixlib=rb-4.1.0&q=85&fm=jpg&crop=entropy&cs=srgb&w=3600,"mundane pilot, older pilot",(5),(5),(2) deeper,,1,
68,No,found in translation,the ultravioletverse,,older pilot,(1),(3),(1) sea level,54,5,
54,No,you wannabe me,the ultravioletverse,https://images.unsplash.com/photo-1498116069452-debf99cb30f0?ixlib=rb-4.1.0&q=85&fm=jpg&crop=entropy&cs=srgb&w=3600,"mundane pilot, older pilot",(5),(5),(2) deeper,25,5,
6,No,"black opt in, or out?",the ultravioletverse,https://images.unsplash.com/photo-1601127273007-7361e2e9c80a?ixlib=rb-4.1.0&q=85&fm=jpg&crop=entropy&cs=srgb&w=3600,older pilot,(1),(3),(3) darker,54,1,
66,Yes,a liturgy of the post-human age,beyond the poppyverse,https://images.unsplash.com/photo-1462332420958-a05d1e002413?ixlib=rb-4.1.0&q=85&fm=jpg&crop=entropy&cs=srgb&w=3600,,(5),(2),(2) deeper,,1,
41,No,celestial bodies,beyond the poppyverse,https://images.unsplash.com/photo-1447433693259-c8549e937d62?ixlib=rb-4.1.0&q=85&fm=jpg&crop=entropy&cs=srgb&w=3600,"donor, pilot",(5),(2),(2) deeper,,1,
35,No,make the stars scream,beyond the poppyverse,https://images.unsplash.com/photo-1670884307458-4977f638a933?ixlib=rb-4.1.0&q=85&fm=jpg&crop=entropy&cs=srgb&w=3600,"donor, pacheco, pilot, santos",(5),(2),(2) deeper,,1,
16,Yes,21 pilots too many pilots,beyond the poppyverse,https://images.unsplash.com/photo-1606219411833-8abd2f112b50?ixlib=rb-4.1.0&q=85&fm=jpg&crop=entropy&cs=srgb&w=3600,"mundane pilot, pilots - all of them",(5),(2),(1) sea level,,5,https://inpoppyfields.tumblr.com/tagged/21%20pilots%20too%20many%20pilots/chrono
19,No,you’ve got soul,beyond the poppyverse,https://images.unsplash.com/photo-1545431781-3e1b506e9a37?ixlib=rb-4.1.0&q=85&fm=jpg&crop=entropy&cs=srgb&w=3600,"donor, pilot",(5),(2),(1) sea level,,1,